{"states": [0, 1, 0, 1, 0, 1, 0, 1, 0, 1, 0, 1, 0, 1, 0, 1, 0, 1, 0, 1, 0, 1, 0, 1, 0, 1, 0, 1, 0, 1, 0, 1, 0, 1, 0, 1, 0, 1, 0, 1, 0, 1, 0, 1, 0, 1, 0, 1, 0, 1, 0, 1, 0, 1, 0, 1, 0, 1, 0, 1, 0, 1, 0, 1, 0, 1, 0, 1, 0, 1, 0, 1, 0, 1, 0, 1, 0, 1, 0, 1, 0, 1, 0, 1, 0, 1, 0, 1, 0, 1, 0, 1, 0, 1, 0, 1, 0, 1, 0, 1, 0, 1, 0, 1, 0, 1, 0, 1, 0, 1, 0, 1, 0, 1, 0, 1, 0, 1, 0, 1, 0, 1, 0, 1, 0, 1, 0, 1, 0, 1, 0, 1, 0, 1, 0, 1, 0, 1, 0, 1, 0, 1, 0, 1, 0, 1, 0, 1, 0, 1, 0, 1, 0, 1, 0, 1, 0, 1, 0, 1, 0, 1, 0, 1, 0, 1, 0, 1, 0, 1, 0, 1, 0, 1], "durations": [0.0008530616760253906, 0.0002579689025878906, 0.0008990764617919922, 0.0008985996246337891, 0.00025653839111328125, 0.0008988380432128906, 0.0003209114074707031, 0.0008344650268554688, 0.0003209114074707031, 0.0008342266082763672, 0.0003211498260498047, 0.0002567768096923828, 0.0008983612060546875, 0.0002567768096923828, 0.0009076595306396484, 0.0002567768096923828, 0.0008981227874755859, 0.0008344650268554688, 0.0003209114074707031, 0.0008342266082763672, 0.00032067298889160156, 0.0008990764617919922, 0.0003211498260498047, 0.0008306503295898438, 0.0003211498260498047, 0.00025725364685058594, 0.0008983612060546875, 0.00025725364685058594, 0.0009002685546875, 0.0008342266082763672, 0.0003211498260498047, 0.0002567768096923828, 0.0008974075317382812, 0.0002579689025878906, 0.0009002685546875, 0.00025773048400878906, 0.0009634494781494141, 0.0008339881896972656, 0.00032019615173339844, 0.00025653839111328125, 0.0008969306945800781, 0.0002579689025878906, 0.0008990764617919922, 0.0008425712585449219, 0.00033593177795410156, 0.0002601146697998047, 0.0008981227874755859, 0.00025653839111328125, 0.009041786193847656, 0.00025773048400878906, 0.0008990764617919922, 0.0002567768096923828, 0.0008971691131591797, 0.0008344650268554688, 0.0003204345703125, 0.0008344650268554688, 0.00032067298889160156, 0.0008330345153808594, 0.0003845691680908203, 0.0008330345153808594, 0.00032067298889160156, 0.00025653839111328125, 0.0008974075317382812, 0.0002562999725341797, 0.0009016990661621094, 0.0002651214599609375, 0.0008974075317382812, 0.0008335113525390625, 0.0003218650817871094, 0.0008330345153808594, 0.00032067298889160156, 0.0008330345153808594, 0.0003848075866699219, 0.0008332729339599609, 0.00032067298889160156, 0.0002567768096923828, 0.0009038448333740234, 0.0002589225769042969, 0.0008957386016845703, 0.0008318424224853516, 0.0003216266632080078, 0.00028395652770996094, 0.0009021759033203125, 0.0002567768096923828, 0.0008971691131591797, 0.0002567768096923828, 0.0008969306945800781, 0.0008330345153808594, 0.00032067298889160156, 0.00025653839111328125, 0.0009634494781494141, 0.0001926422119140625, 0.0009624958038330078, 0.0007755756378173828, 0.00038504600524902344, 0.0001926422119140625, 0.0009615421295166016, 0.0002560615539550781, 0.009005546569824219, 0.0002570152282714844, 0.0009613037109375, 0.00019240379333496094, 0.0009615421295166016, 0.0008332729339599609, 0.0003209114074707031, 0.0008292198181152344, 0.0003204345703125, 0.0008344650268554688, 0.00032067298889160156, 0.0008363723754882812, 0.0003228187561035156, 0.00025725364685058594, 0.0009636878967285156, 0.00019311904907226562, 0.0009639263153076172, 0.00019288063049316406, 0.0009644031524658203, 0.0007710456848144531, 0.00038552284240722656, 0.000835418701171875, 0.0003211498260498047, 0.000835418701171875, 0.00032138824462890625, 0.000835418701171875, 0.0003216266632080078, 0.00025725364685058594, 0.0009641647338867188, 0.00019288063049316406, 0.0009641647338867188, 0.0007719993591308594, 0.00038623809814453125, 0.00019288063049316406, 0.0009636878967285156, 0.00019073486328125, 0.0009634494781494141, 0.00019311904907226562, 0.0009639263153076172, 0.0008356571197509766, 0.00032138824462890625, 0.00025725364685058594, 0.0008993148803710938, 0.00025725364685058594, 0.0009639263153076172, 0.0007703304290771484, 0.0003819465637207031, 0.0001919269561767578, 0.0009548664093017578, 0.00019121170043945312, 0.00910496711730957, 0.0001938343048095703, 0.0009622573852539062, 0.0002562999725341797, 0.0008976459503173828, 0.0007908344268798828, 0.0003859996795654297, 0.0008337497711181641, 0.0003211498260498047, 0.0008335113525390625, 0.0003376007080078125, 0.0008349418640136719, 0.0003211498260498047, 0.00025653839111328125, 0.0008983612060546875, 0.0002567768096923828, 0.0009632110595703125, 0.00019288063049316406, 0.0009634494781494141, 0.0007700920104980469, 0.00038552284240722656, 0.0007698535919189453, 0.00038504600524902344, 0.0008342266082763672, 0.00032138824462890625, 0.0004513263702392578]}