{"states": [0, 1, 0, 1, 0, 1, 0, 1, 0, 1, 0, 1, 0, 1, 0, 1, 0, 1, 0, 1, 0, 1, 0, 1, 0, 1, 0, 1, 0, 1, 0, 1, 0, 1, 0, 1, 0, 1, 0, 1, 0, 1, 0, 1, 0, 1, 0, 1, 0, 1, 0, 1, 0, 1, 0, 1, 0, 1, 0, 1, 0, 1, 0, 1, 0, 1, 0, 1, 0, 1, 0, 1, 0, 1, 0, 1, 0, 1, 0, 1, 0, 1, 0, 1, 0, 1, 0, 1, 0, 1, 0, 1, 0, 1, 0, 1, 0, 1, 0, 1, 0, 1, 0, 1, 0, 1, 0, 1, 0, 1, 0, 1, 0, 1, 0, 1, 0, 1, 0, 1, 0, 1, 0, 1, 0, 1, 0, 1, 0, 1, 0, 1, 0, 1, 0, 1, 0, 1, 0, 1, 0, 1, 0, 1, 0, 1, 0, 1], "durations": [0.0008542537689208984, 0.0002586841583251953, 0.0008983612060546875, 0.000835418701171875, 0.00032138824462890625, 0.0008981227874755859, 0.0002570152282714844, 0.0008981227874755859, 0.0003209114074707031, 0.0008306503295898438, 0.00032520294189453125, 0.0002570152282714844, 0.0008945465087890625, 0.0002567768096923828, 0.0008985996246337891, 0.0002567768096923828, 0.0008983612060546875, 0.0008351802825927734, 0.0003209114074707031, 0.0008339881896972656, 0.0003209114074707031, 0.0008981227874755859, 0.0003211498260498047, 0.0008337497711181641, 0.0003209114074707031, 0.0002567768096923828, 0.000896453857421875, 0.0002562999725341797, 0.0008959770202636719, 0.0008325576782226562, 0.0003573894500732422, 0.0002579689025878906, 0.0009005069732666016, 0.0002586841583251953, 0.0009014606475830078, 0.00025773048400878906, 0.0008988380432128906, 0.0008397102355957031, 0.00032138824462890625, 0.0002529621124267578, 0.0009009838104248047, 0.0002608299255371094, 0.0009071826934814453, 0.0002613067626953125, 0.0008995532989501953, 0.0008347034454345703, 0.0003209114074707031, 0.0002567768096923828, 0.009053707122802734, 0.0002582073211669922, 0.0008978843688964844, 0.0002567768096923828, 0.0008935928344726562, 0.0008363723754882812, 0.00032067298889160156, 0.0008335113525390625, 0.0003848075866699219, 0.0008337497711181641, 0.0003209114074707031, 0.0008466243743896484, 0.0003228187561035156, 0.0002570152282714844, 0.0008966922760009766, 0.0002562999725341797, 0.000896453857421875, 0.0002951622009277344, 0.0009012222290039062, 0.0007848739624023438, 0.00038623809814453125, 0.0007703304290771484, 0.000385284423828125, 0.0008347034454345703, 0.0003216266632080078, 0.0008361339569091797, 0.0003209114074707031, 0.0002567768096923828, 0.0008985996246337891, 0.0002586841583251953, 0.0008938312530517578, 0.0008304119110107422, 0.000385284423828125, 0.0001926422119140625, 0.0009622573852539062, 0.00019240379333496094, 0.0009624958038330078, 0.0001926422119140625, 0.0009627342224121094, 0.0008454322814941406, 0.0003218650817871094, 0.0002570152282714844, 0.0008988380432128906, 0.0002567768096923828, 0.0008981227874755859, 0.0002589225769042969, 0.0008983612060546875, 0.0008337497711181641, 0.0003209114074707031, 0.0002570152282714844, 0.009039878845214844, 0.00025653839111328125, 0.0008983612060546875, 0.0002567768096923828, 0.0009634494781494141, 0.0007696151733398438, 0.000385284423828125, 0.0008335113525390625, 0.0003216266632080078, 0.0008332729339599609, 0.0003209114074707031, 0.0008356571197509766, 0.00032067298889160156, 0.0002567768096923828, 0.0008981227874755859, 0.00025653839111328125, 0.0009622573852539062, 0.0001926422119140625, 0.0009620189666748047, 0.0007696151733398438, 0.000385284423828125, 0.0008342266082763672, 0.00032067298889160156, 0.0008294582366943359, 0.0003209114074707031, 0.0008337497711181641, 0.0003209114074707031, 0.00025653839111328125, 0.0009617805480957031, 0.00019288063049316406, 0.0009601116180419922, 0.0007693767547607422, 0.0003840923309326172, 0.00019288063049316406, 0.0009710788726806641, 0.00019288063049316406, 0.0009627342224121094, 0.00025653839111328125, 0.0008983612060546875, 0.0008339881896972656, 0.0003211498260498047, 0.0002567768096923828, 0.0009641647338867188, 0.00019240379333496094, 0.0009622573852539062, 0.00019288063049316406, 0.0009629726409912109, 0.0007700920104980469, 0.0003809928894042969, 0.0001926422119140625]}